{"accuracy": [0.6279251575469971, 0.8689380288124084, 0.923835277557373, 0.9475069642066956, 0.9615619778633118, 0.969756007194519, 0.9737250208854675, 0.9783910512924194, 0.9819474816322327, 0.9840102195739746], "loss": [1.2537661790847778, 0.4082363545894623, 0.2350444346666336, 0.1611899733543396, 0.1166021078824997, 0.09145373106002808, 0.0763411819934845, 0.06676168739795685, 0.05519915744662285, 0.04913382977247238], "val_accuracy": [0.8285909295082092, 0.9070111513137817, 0.9264739155769348, 0.9264170527458191, 0.943261981010437, 0.9371727705001831, 0.9465057849884033, 0.954245388507843, 0.9586842656135559, 0.9598793387413025], "val_loss": [0.5345524549484253, 0.29166510701179504, 0.2221035212278366, 0.23983581364154816, 0.18089061975479126, 0.207888662815094, 0.18244542181491852, 0.14996762573719025, 0.14698897302150726, 0.14327958226203918]}